image_path,source_path,split,trade_label,action,decision_state,execution_permission,label_quality,review_bucket,review_priority,review_reasons,timing_label,raw_projection_direction,raw_next_box_direction,effective_projection_direction,effective_next_box_direction,projection_confidence,projection_dominance,next_box_confidence,structure_setup
C:\Users\thaba\OneDrive\Documents\The 808 Vision 2026\phoenixguard\data\clean_split\train\SELL\00190_000_210b455c2e61.png,C:\Users\thaba\OneDrive\Documents\The 808 Vision 2026\phoenixguard\808 Memory\SELLS-20260224T225719Z-1-001\SELLS\Screenshot 2023-06-21 072251.png,train,SELL,HOLD,,,contradictory,projection_conflict,0.9829,projection_opposes_trade_label|next_box_opposes_trade_label|directional_label_resolved_to_hold|trade_ready_structure_resolved_to_hold,wait,BUY,BUY,SELL,SELL,0.5438,0.1049,0.7503,consolidation_breakout
C:\Users\thaba\OneDrive\Documents\The 808 Vision 2026\phoenixguard\data\clean_split\train\BUY\00044_000_e87b0fb5d2c2.png,C:\Users\thaba\OneDrive\Documents\The 808 Vision 2026\phoenixguard\808 Memory\BUYS-20260224T225615Z-1-001\BUYS\Screenshot 2025-01-08 134940.png,train,BUY,HOLD,,,review_required,projection_conflict,0.9477,next_box_opposes_trade_label|directional_label_resolved_to_hold|trade_ready_structure_resolved_to_hold,wait,SELL,SELL,BUY,BUY,0.4902,0.0568,0.6942,reversal_release
C:\Users\thaba\OneDrive\Documents\The 808 Vision 2026\phoenixguard\data\clean_split\train\SELL\00151_002_2ca2f5e8717d.png,C:\Users\thaba\OneDrive\Documents\The 808 Vision 2026\phoenixguard\808 Memory\SELLS-20260224T225719Z-1-001\SELLS\Screenshot 2023-05-04 144906.png,train,SELL,HOLD,,,review_required,projection_conflict,0.9461,next_box_opposes_trade_label|directional_label_resolved_to_hold|trade_ready_structure_resolved_to_hold,wait,BUY,BUY,SELL,SELL,0.4881,0.0477,0.6954,consolidation_breakout
C:\Users\thaba\OneDrive\Documents\The 808 Vision 2026\phoenixguard\data\clean_split\train\SELL\00151_001_2ff84101edb9.png,C:\Users\thaba\OneDrive\Documents\The 808 Vision 2026\phoenixguard\808 Memory\SELLS-20260224T225719Z-1-001\SELLS\Screenshot 2023-05-04 144556.png,train,SELL,HOLD,,,review_required,projection_conflict,0.9460,next_box_opposes_trade_label|directional_label_resolved_to_hold|trade_ready_structure_resolved_to_hold,wait,BUY,BUY,SELL,SELL,0.4880,0.0477,0.6951,consolidation_breakout
C:\Users\thaba\OneDrive\Documents\The 808 Vision 2026\phoenixguard\data\clean_split\train\BUY\00022_000_4e5de55ad9a8.png,C:\Users\thaba\OneDrive\Documents\The 808 Vision 2026\phoenixguard\808 Memory\BUYS-20260224T225615Z-1-001\BUYS\Screenshot 2023-05-08 203150.png,train,BUY,HOLD,,,contradictory,projection_conflict,0.9162,projection_opposes_trade_label|next_box_opposes_trade_label|directional_label_resolved_to_hold,wait,SELL,SELL,BUY,BUY,0.5592,0.2076,0.7246,none
C:\Users\thaba\OneDrive\Documents\The 808 Vision 2026\phoenixguard\data\clean_split\train\SELL\00178_001_2855ddec0a7e.png,C:\Users\thaba\OneDrive\Documents\The 808 Vision 2026\phoenixguard\808 Memory\SELLS-20260224T225719Z-1-001\SELLS\Screenshot 2023-06-02 155132.png,train,SELL,HOLD,,,contradictory,projection_conflict,0.9157,projection_opposes_trade_label|next_box_opposes_trade_label|directional_label_resolved_to_hold,wait,BUY,BUY,SELL,SELL,0.5587,0.2004,0.7273,none
C:\Users\thaba\OneDrive\Documents\The 808 Vision 2026\phoenixguard\data\clean_split\train\BUY\00037_000_3fea7234e11b.png,C:\Users\thaba\OneDrive\Documents\The 808 Vision 2026\phoenixguard\808 Memory\BUYS-20260224T225615Z-1-001\BUYS\Screenshot 2024-09-27 100513.png,train,BUY,HOLD,,,contradictory,projection_conflict,0.9102,projection_opposes_trade_label|next_box_opposes_trade_label|directional_label_resolved_to_hold,wait,SELL,SELL,BUY,BUY,0.5503,0.1934,0.7182,none
C:\Users\thaba\OneDrive\Documents\The 808 Vision 2026\phoenixguard\data\clean_split\val\SELL\00177_000_a50ff84b0d89.png,C:\Users\thaba\OneDrive\Documents\The 808 Vision 2026\phoenixguard\808 Memory\SELLS-20260224T225719Z-1-001\SELLS\Screenshot 2023-06-02 150835.png,val,SELL,HOLD,,,contradictory,projection_conflict,0.9095,projection_opposes_trade_label|next_box_opposes_trade_label|directional_label_resolved_to_hold,wait,BUY,BUY,SELL,SELL,0.5499,0.1827,0.7227,none
C:\Users\thaba\OneDrive\Documents\The 808 Vision 2026\phoenixguard\data\clean_split\train\BUY\00030_000_9115e8013363.png,C:\Users\thaba\OneDrive\Documents\The 808 Vision 2026\phoenixguard\808 Memory\BUYS-20260224T225615Z-1-001\BUYS\Screenshot 2024-08-01 062244.png,train,BUY,HOLD,,,contradictory,projection_conflict,0.9089,projection_opposes_trade_label|next_box_opposes_trade_label|directional_label_resolved_to_hold,wait,SELL,SELL,BUY,BUY,0.5482,0.1930,0.7154,none
C:\Users\thaba\OneDrive\Documents\The 808 Vision 2026\phoenixguard\data\clean_split\train\SELL\00191_000_f56769c961e7.png,C:\Users\thaba\OneDrive\Documents\The 808 Vision 2026\phoenixguard\808 Memory\SELLS-20260224T225719Z-1-001\SELLS\Screenshot 2023-06-21 082930.png,train,SELL,HOLD,,,contradictory,projection_conflict,0.9089,projection_opposes_trade_label|next_box_opposes_trade_label|directional_label_resolved_to_hold,wait,BUY,BUY,SELL,SELL,0.5485,0.1897,0.7174,none
C:\Users\thaba\OneDrive\Documents\The 808 Vision 2026\phoenixguard\data\clean_split\val\BUY\00077_000_11a2b3124779.png,C:\Users\thaba\OneDrive\Documents\The 808 Vision 2026\phoenixguard\808 Memory\BUYS-20260224T225615Z-1-001\BUYS\Screenshot_20230103_175248.png,val,BUY,HOLD,,,contradictory,projection_conflict,0.9074,projection_opposes_trade_label|next_box_opposes_trade_label|directional_label_resolved_to_hold,wait,SELL,SELL,BUY,BUY,0.5459,0.1908,0.7130,none
C:\Users\thaba\OneDrive\Documents\The 808 Vision 2026\phoenixguard\data\clean_split\train\SELL\00180_000_d80641537ca4.png,C:\Users\thaba\OneDrive\Documents\The 808 Vision 2026\phoenixguard\808 Memory\SELLS-20260224T225719Z-1-001\SELLS\Screenshot 2023-06-02 201818.png,train,SELL,HOLD,,,contradictory,projection_conflict,0.9068,projection_opposes_trade_label|next_box_opposes_trade_label|directional_label_resolved_to_hold,wait,BUY,BUY,SELL,SELL,0.5456,0.1805,0.7175,none
C:\Users\thaba\OneDrive\Documents\The 808 Vision 2026\phoenixguard\data\clean_split\train\SELL\00217_002_34bb989bd332.png,C:\Users\thaba\OneDrive\Documents\The 808 Vision 2026\phoenixguard\808 Memory\SELLS-20260224T225719Z-1-001\SELLS\Screenshot 2024-08-09 063309.png,train,SELL,HOLD,,,contradictory,projection_conflict,0.9039,projection_opposes_trade_label|next_box_opposes_trade_label|directional_label_resolved_to_hold,wait,BUY,BUY,SELL,SELL,0.5411,0.1797,0.7112,none
C:\Users\thaba\OneDrive\Documents\The 808 Vision 2026\phoenixguard\data\clean_split\train\BUY\00091_001_1ba36ea34756.png,C:\Users\thaba\OneDrive\Documents\The 808 Vision 2026\phoenixguard\808 Memory\BUYS-20260224T225615Z-1-001\BUYS\Screenshot_20230130_133613.png,train,BUY,HOLD,,,contradictory,projection_conflict,0.9037,projection_opposes_trade_label|next_box_opposes_trade_label|directional_label_resolved_to_hold,wait,SELL,SELL,BUY,BUY,0.5407,0.1790,0.7109,none
C:\Users\thaba\OneDrive\Documents\The 808 Vision 2026\phoenixguard\data\clean_split\train\SELL\00218_000_302c7fb5c29f.png,C:\Users\thaba\OneDrive\Documents\The 808 Vision 2026\phoenixguard\808 Memory\SELLS-20260224T225719Z-1-001\SELLS\Screenshot 2024-08-09 065522.png,train,SELL,HOLD,,,contradictory,projection_conflict,0.9037,projection_opposes_trade_label|next_box_opposes_trade_label|directional_label_resolved_to_hold,wait,BUY,BUY,SELL,SELL,0.5408,0.1790,0.7110,none
C:\Users\thaba\OneDrive\Documents\The 808 Vision 2026\phoenixguard\data\clean_split\train\BUY\00111_000_7d3460e37838.png,C:\Users\thaba\OneDrive\Documents\The 808 Vision 2026\phoenixguard\808 Memory\BUYS-20260224T225615Z-1-001\BUYS\Screenshot_20230217_204845.png,train,BUY,HOLD,,,contradictory,projection_conflict,0.9034,projection_opposes_trade_label|next_box_opposes_trade_label|directional_label_resolved_to_hold,wait,SELL,SELL,BUY,BUY,0.5398,0.1854,0.7066,none
C:\Users\thaba\OneDrive\Documents\The 808 Vision 2026\phoenixguard\data\clean_split\test\BUY\00113_000_068fdba11a49.png,C:\Users\thaba\OneDrive\Documents\The 808 Vision 2026\phoenixguard\808 Memory\BUYS-20260224T225615Z-1-001\BUYS\Screenshot_20230220_134549.png,test,BUY,HOLD,,,contradictory,projection_conflict,0.9033,projection_opposes_trade_label|next_box_opposes_trade_label|directional_label_resolved_to_hold,wait,SELL,SELL,BUY,BUY,0.5399,0.1818,0.7085,none
C:\Users\thaba\OneDrive\Documents\The 808 Vision 2026\phoenixguard\data\clean_split\test\SELL\00181_000_538c526f21e2.png,C:\Users\thaba\OneDrive\Documents\The 808 Vision 2026\phoenixguard\808 Memory\SELLS-20260224T225719Z-1-001\SELLS\Screenshot 2023-06-02 211535.png,test,SELL,HOLD,,,contradictory,projection_conflict,0.9030,projection_opposes_trade_label|next_box_opposes_trade_label|directional_label_resolved_to_hold,wait,BUY,BUY,SELL,SELL,0.5396,0.1786,0.7095,none
C:\Users\thaba\OneDrive\Documents\The 808 Vision 2026\phoenixguard\data\clean_split\train\BUY\00037_001_40c63e46f685.png,C:\Users\thaba\OneDrive\Documents\The 808 Vision 2026\phoenixguard\808 Memory\BUYS-20260224T225615Z-1-001\BUYS\Screenshot 2024-09-27 100529.png,train,BUY,HOLD,,,contradictory,projection_conflict,0.9018,projection_opposes_trade_label|next_box_opposes_trade_label|directional_label_resolved_to_hold,wait,SELL,SELL,BUY,BUY,0.5380,0.1748,0.7089,none
C:\Users\thaba\OneDrive\Documents\The 808 Vision 2026\phoenixguard\data\clean_split\train\SELL\00127_000_345b015cb016.png,C:\Users\thaba\OneDrive\Documents\The 808 Vision 2026\phoenixguard\808 Memory\SELLS-20260224T225719Z-1-001\SELLS\GBPUSD IQ Trade 22.png,train,SELL,HOLD,,,contradictory,projection_conflict,0.9018,projection_opposes_trade_label|next_box_opposes_trade_label|directional_label_resolved_to_hold,wait,BUY,BUY,SELL,SELL,0.5379,0.1750,0.7087,none
C:\Users\thaba\OneDrive\Documents\The 808 Vision 2026\phoenixguard\data\clean_split\test\BUY\00108_000_0e49e89d769a.png,C:\Users\thaba\OneDrive\Documents\The 808 Vision 2026\phoenixguard\808 Memory\BUYS-20260224T225615Z-1-001\BUYS\Screenshot_20230216_203348.png,test,BUY,HOLD,,,contradictory,projection_conflict,0.9017,projection_opposes_trade_label|next_box_opposes_trade_label|directional_label_resolved_to_hold,wait,SELL,SELL,BUY,BUY,0.5377,0.1747,0.7086,none
C:\Users\thaba\OneDrive\Documents\The 808 Vision 2026\phoenixguard\data\clean_split\train\BUY\00018_000_567644cd094d.png,C:\Users\thaba\OneDrive\Documents\The 808 Vision 2026\phoenixguard\808 Memory\BUYS-20260224T225615Z-1-001\BUYS\Screenshot 2023-03-21 014618.png,train,BUY,HOLD,,,contradictory,projection_conflict,0.9017,projection_opposes_trade_label|next_box_opposes_trade_label|directional_label_resolved_to_hold,wait,SELL,SELL,BUY,BUY,0.5380,0.1708,0.7107,none
C:\Users\thaba\OneDrive\Documents\The 808 Vision 2026\phoenixguard\data\clean_split\train\SELL\00178_000_9557fda94a99.png,C:\Users\thaba\OneDrive\Documents\The 808 Vision 2026\phoenixguard\808 Memory\SELLS-20260224T225719Z-1-001\SELLS\Screenshot 2023-06-02 155115.png,train,SELL,HOLD,,,contradictory,projection_conflict,0.9016,projection_opposes_trade_label|next_box_opposes_trade_label|directional_label_resolved_to_hold,wait,BUY,BUY,SELL,SELL,0.5376,0.1748,0.7083,none
C:\Users\thaba\OneDrive\Documents\The 808 Vision 2026\phoenixguard\data\clean_split\train\SELL\00217_001_23ab7d7875d7.png,C:\Users\thaba\OneDrive\Documents\The 808 Vision 2026\phoenixguard\808 Memory\SELLS-20260224T225719Z-1-001\SELLS\Screenshot 2024-08-09 063240.png,train,SELL,HOLD,,,contradictory,projection_conflict,0.9015,projection_opposes_trade_label|next_box_opposes_trade_label|directional_label_resolved_to_hold,wait,BUY,BUY,SELL,SELL,0.5376,0.1735,0.7089,none
C:\Users\thaba\OneDrive\Documents\The 808 Vision 2026\phoenixguard\data\clean_split\train\BUY\00109_000_492c454e71c8.png,C:\Users\thaba\OneDrive\Documents\The 808 Vision 2026\phoenixguard\808 Memory\BUYS-20260224T225615Z-1-001\BUYS\Screenshot_20230216_203822.png,train,BUY,HOLD,,,contradictory,projection_conflict,0.9014,projection_opposes_trade_label|next_box_opposes_trade_label|directional_label_resolved_to_hold,wait,SELL,SELL,BUY,BUY,0.5374,0.1738,0.7085,none
C:\Users\thaba\OneDrive\Documents\The 808 Vision 2026\phoenixguard\data\clean_split\train\BUY\00100_000_a14cda688731.png,C:\Users\thaba\OneDrive\Documents\The 808 Vision 2026\phoenixguard\808 Memory\BUYS-20260224T225615Z-1-001\BUYS\Screenshot_20230202_202917.png,train,BUY,HOLD,,,contradictory,projection_conflict,0.9013,projection_opposes_trade_label|next_box_opposes_trade_label|directional_label_resolved_to_hold,wait,SELL,SELL,BUY,BUY,0.5372,0.1739,0.7082,none
C:\Users\thaba\OneDrive\Documents\The 808 Vision 2026\phoenixguard\data\clean_split\train\SELL\00173_000_f9765498e5a9.png,C:\Users\thaba\OneDrive\Documents\The 808 Vision 2026\phoenixguard\808 Memory\SELLS-20260224T225719Z-1-001\SELLS\Screenshot 2023-06-01 053927.png,train,SELL,HOLD,,,contradictory,projection_conflict,0.9012,projection_opposes_trade_label|next_box_opposes_trade_label|directional_label_resolved_to_hold,wait,BUY,BUY,SELL,SELL,0.5371,0.1735,0.7083,none
C:\Users\thaba\OneDrive\Documents\The 808 Vision 2026\phoenixguard\data\clean_split\train\BUY\00067_000_0cb50d07b1e2.png,C:\Users\thaba\OneDrive\Documents\The 808 Vision 2026\phoenixguard\808 Memory\BUYS-20260224T225615Z-1-001\BUYS\Screenshot_20221215_142743.png,train,BUY,HOLD,,,contradictory,projection_conflict,0.9011,projection_opposes_trade_label|next_box_opposes_trade_label|directional_label_resolved_to_hold,wait,SELL,SELL,BUY,BUY,0.5369,0.1743,0.7074,none
C:\Users\thaba\OneDrive\Documents\The 808 Vision 2026\phoenixguard\data\clean_split\train\BUY\00091_000_54e503a3b618.png,C:\Users\thaba\OneDrive\Documents\The 808 Vision 2026\phoenixguard\808 Memory\BUYS-20260224T225615Z-1-001\BUYS\Screenshot_20230130_103937.png,train,BUY,HOLD,,,contradictory,projection_conflict,0.9011,projection_opposes_trade_label|next_box_opposes_trade_label|directional_label_resolved_to_hold,wait,SELL,SELL,BUY,BUY,0.5368,0.1742,0.7074,none
C:\Users\thaba\OneDrive\Documents\The 808 Vision 2026\phoenixguard\data\clean_split\train\BUY\00076_000_0b0c59061c44.png,C:\Users\thaba\OneDrive\Documents\The 808 Vision 2026\phoenixguard\808 Memory\BUYS-20260224T225615Z-1-001\BUYS\Screenshot_20230103_074203.png,train,BUY,HOLD,,,contradictory,projection_conflict,0.9010,projection_opposes_trade_label|next_box_opposes_trade_label|directional_label_resolved_to_hold,wait,SELL,SELL,BUY,BUY,0.5367,0.1750,0.7069,none
C:\Users\thaba\OneDrive\Documents\The 808 Vision 2026\phoenixguard\data\clean_split\train\SELL\00168_001_66c0300c5d29.png,C:\Users\thaba\OneDrive\Documents\The 808 Vision 2026\phoenixguard\808 Memory\SELLS-20260224T225719Z-1-001\SELLS\Screenshot 2023-06-01 052550.png,train,SELL,HOLD,,,contradictory,projection_conflict,0.9007,projection_opposes_trade_label|next_box_opposes_trade_label|directional_label_resolved_to_hold,wait,BUY,BUY,SELL,SELL,0.5363,0.1734,0.7071,none
C:\Users\thaba\OneDrive\Documents\The 808 Vision 2026\phoenixguard\data\clean_split\train\BUY\00005_000_a7ba2fbf5555.png,C:\Users\thaba\OneDrive\Documents\The 808 Vision 2026\phoenixguard\808 Memory\BUYS-20260224T225615Z-1-001\BUYS\AUDJPY Buy trade.png,train,BUY,HOLD,,,contradictory,projection_conflict,0.9003,projection_opposes_trade_label|next_box_opposes_trade_label|directional_label_resolved_to_hold,wait,SELL,SELL,BUY,BUY,0.5354,0.1776,0.7038,none
C:\Users\thaba\OneDrive\Documents\The 808 Vision 2026\phoenixguard\data\clean_split\train\BUY\00033_000_58ecebc89098.png,C:\Users\thaba\OneDrive\Documents\The 808 Vision 2026\phoenixguard\808 Memory\BUYS-20260224T225615Z-1-001\BUYS\Screenshot 2024-08-27 064631.png,train,BUY,HOLD,,,contradictory,projection_conflict,0.9002,projection_opposes_trade_label|next_box_opposes_trade_label|directional_label_resolved_to_hold,wait,SELL,SELL,BUY,BUY,0.5354,0.1743,0.7053,none
C:\Users\thaba\OneDrive\Documents\The 808 Vision 2026\phoenixguard\data\clean_split\train\SELL\00169_000_3477aa9197c2.png,C:\Users\thaba\OneDrive\Documents\The 808 Vision 2026\phoenixguard\808 Memory\SELLS-20260224T225719Z-1-001\SELLS\Screenshot 2023-06-01 052821.png,train,SELL,HOLD,,,contradictory,projection_conflict,0.9002,projection_opposes_trade_label|next_box_opposes_trade_label|directional_label_resolved_to_hold,wait,BUY,BUY,SELL,SELL,0.5356,0.1717,0.7069,none
C:\Users\thaba\OneDrive\Documents\The 808 Vision 2026\phoenixguard\data\clean_split\train\SELL\00219_000_07b8860680fe.png,C:\Users\thaba\OneDrive\Documents\The 808 Vision 2026\phoenixguard\808 Memory\SELLS-20260224T225719Z-1-001\SELLS\Screenshot 2024-08-13 130341.png,train,SELL,HOLD,,,contradictory,projection_conflict,0.9002,projection_opposes_trade_label|next_box_opposes_trade_label|directional_label_resolved_to_hold,wait,BUY,BUY,SELL,SELL,0.5355,0.1742,0.7054,none
C:\Users\thaba\OneDrive\Documents\The 808 Vision 2026\phoenixguard\data\clean_split\train\BUY\00110_001_9e1004b3c975.png,C:\Users\thaba\OneDrive\Documents\The 808 Vision 2026\phoenixguard\808 Memory\BUYS-20260224T225615Z-1-001\BUYS\Screenshot_20230217_204910.png,train,BUY,HOLD,,,contradictory,projection_conflict,0.8999,projection_opposes_trade_label|next_box_opposes_trade_label|directional_label_resolved_to_hold,wait,SELL,SELL,BUY,BUY,0.5350,0.1733,0.7052,none
C:\Users\thaba\OneDrive\Documents\The 808 Vision 2026\phoenixguard\data\clean_split\train\SELL\00220_001_92f880158761.png,C:\Users\thaba\OneDrive\Documents\The 808 Vision 2026\phoenixguard\808 Memory\SELLS-20260224T225719Z-1-001\SELLS\Screenshot 2024-08-13 130403.png,train,SELL,HOLD,,,contradictory,projection_conflict,0.8999,projection_opposes_trade_label|next_box_opposes_trade_label|directional_label_resolved_to_hold,wait,BUY,BUY,SELL,SELL,0.5350,0.1733,0.7052,none
C:\Users\thaba\OneDrive\Documents\The 808 Vision 2026\phoenixguard\data\clean_split\train\BUY\00068_000_5f81f59cde8b.png,C:\Users\thaba\OneDrive\Documents\The 808 Vision 2026\phoenixguard\808 Memory\BUYS-20260224T225615Z-1-001\BUYS\Screenshot_20221215_143814.png,train,BUY,HOLD,,,contradictory,projection_conflict,0.8994,projection_opposes_trade_label|next_box_opposes_trade_label|directional_label_resolved_to_hold,wait,SELL,SELL,BUY,BUY,0.5342,0.1727,0.7043,none
C:\Users\thaba\OneDrive\Documents\The 808 Vision 2026\phoenixguard\data\clean_split\train\BUY\00110_000_85eb427f1ab6.png,C:\Users\thaba\OneDrive\Documents\The 808 Vision 2026\phoenixguard\808 Memory\BUYS-20260224T225615Z-1-001\BUYS\Screenshot_20230217_204712.png,train,BUY,HOLD,,,contradictory,projection_conflict,0.8989,projection_opposes_trade_label|next_box_opposes_trade_label|directional_label_resolved_to_hold,wait,SELL,SELL,BUY,BUY,0.5335,0.1709,0.7042,none
C:\Users\thaba\OneDrive\Documents\The 808 Vision 2026\phoenixguard\data\clean_split\test\BUY\00035_000_0acac24af57a.png,C:\Users\thaba\OneDrive\Documents\The 808 Vision 2026\phoenixguard\808 Memory\BUYS-20260224T225615Z-1-001\BUYS\Screenshot 2024-09-27 095528.png,test,BUY,HOLD,,,contradictory,projection_conflict,0.8987,projection_opposes_trade_label|next_box_opposes_trade_label|directional_label_resolved_to_hold,wait,SELL,SELL,BUY,BUY,0.5330,0.1729,0.7025,none
C:\Users\thaba\OneDrive\Documents\The 808 Vision 2026\phoenixguard\data\clean_split\train\BUY\00096_001_113220bb0471.png,C:\Users\thaba\OneDrive\Documents\The 808 Vision 2026\phoenixguard\808 Memory\BUYS-20260224T225615Z-1-001\BUYS\Screenshot_20230201_162815.png,train,BUY,HOLD,,,contradictory,projection_conflict,0.8987,projection_opposes_trade_label|next_box_opposes_trade_label|directional_label_resolved_to_hold,wait,SELL,SELL,BUY,BUY,0.5332,0.1697,0.7042,none
C:\Users\thaba\OneDrive\Documents\The 808 Vision 2026\phoenixguard\data\clean_split\train\BUY\00096_000_84d88524dafa.png,C:\Users\thaba\OneDrive\Documents\The 808 Vision 2026\phoenixguard\808 Memory\BUYS-20260224T225615Z-1-001\BUYS\Screenshot_20230201_162513.png,train,BUY,HOLD,,,contradictory,projection_conflict,0.8986,projection_opposes_trade_label|next_box_opposes_trade_label|directional_label_resolved_to_hold,wait,SELL,SELL,BUY,BUY,0.5331,0.1696,0.7042,none
C:\Users\thaba\OneDrive\Documents\The 808 Vision 2026\phoenixguard\data\clean_split\val\BUY\00043_000_91f77efcd6e6.png,C:\Users\thaba\OneDrive\Documents\The 808 Vision 2026\phoenixguard\808 Memory\BUYS-20260224T225615Z-1-001\BUYS\Screenshot 2025-01-07 065520.png,val,BUY,HOLD,,,contradictory,projection_conflict,0.8985,projection_opposes_trade_label|next_box_opposes_trade_label|directional_label_resolved_to_hold,wait,SELL,SELL,BUY,BUY,0.5328,0.1728,0.7023,none
C:\Users\thaba\OneDrive\Documents\The 808 Vision 2026\phoenixguard\data\clean_split\test\SELL\00171_000_562a43014b8c.png,C:\Users\thaba\OneDrive\Documents\The 808 Vision 2026\phoenixguard\808 Memory\SELLS-20260224T225719Z-1-001\SELLS\Screenshot 2023-06-01 053243.png,test,SELL,HOLD,,,contradictory,projection_conflict,0.8984,projection_opposes_trade_label|next_box_opposes_trade_label|directional_label_resolved_to_hold,wait,BUY,BUY,SELL,SELL,0.5328,0.1704,0.7033,none
C:\Users\thaba\OneDrive\Documents\The 808 Vision 2026\phoenixguard\data\clean_split\test\BUY\00114_000_c91d49bd125f.png,C:\Users\thaba\OneDrive\Documents\The 808 Vision 2026\phoenixguard\808 Memory\BUYS-20260224T225615Z-1-001\BUYS\Screenshot_20230220_135847.png,test,BUY,HOLD,,,contradictory,projection_conflict,0.8981,projection_opposes_trade_label|next_box_opposes_trade_label|directional_label_resolved_to_hold,wait,SELL,SELL,BUY,BUY,0.5325,0.1683,0.7039,none
C:\Users\thaba\OneDrive\Documents\The 808 Vision 2026\phoenixguard\data\clean_split\train\BUY\00095_000_fbbaeadb3205.png,C:\Users\thaba\OneDrive\Documents\The 808 Vision 2026\phoenixguard\808 Memory\BUYS-20260224T225615Z-1-001\BUYS\Screenshot_20230201_162355.png,train,BUY,HOLD,,,contradictory,projection_conflict,0.8979,projection_opposes_trade_label|next_box_opposes_trade_label|directional_label_resolved_to_hold,wait,SELL,SELL,BUY,BUY,0.5320,0.1689,0.7029,none
C:\Users\thaba\OneDrive\Documents\The 808 Vision 2026\phoenixguard\data\clean_split\train\BUY\00105_000_9bd5ed13415e.png,C:\Users\thaba\OneDrive\Documents\The 808 Vision 2026\phoenixguard\808 Memory\BUYS-20260224T225615Z-1-001\BUYS\Screenshot_20230213_183225.png,train,BUY,HOLD,,,contradictory,projection_conflict,0.8975,projection_opposes_trade_label|next_box_opposes_trade_label|directional_label_resolved_to_hold,wait,SELL,SELL,BUY,BUY,0.5313,0.1688,0.7019,none
C:\Users\thaba\OneDrive\Documents\The 808 Vision 2026\phoenixguard\data\clean_split\val\BUY\00064_000_b68aa6e55021.png,C:\Users\thaba\OneDrive\Documents\The 808 Vision 2026\phoenixguard\808 Memory\BUYS-20260224T225615Z-1-001\BUYS\Screenshot_20221213_050418.png,val,BUY,HOLD,,,contradictory,projection_conflict,0.8974,projection_opposes_trade_label|next_box_opposes_trade_label|directional_label_resolved_to_hold,wait,SELL,SELL,BUY,BUY,0.5312,0.1687,0.7018,none
C:\Users\thaba\OneDrive\Documents\The 808 Vision 2026\phoenixguard\data\clean_split\train\BUY\00060_000_0b12f575aaf1.png,C:\Users\thaba\OneDrive\Documents\The 808 Vision 2026\phoenixguard\808 Memory\BUYS-20260224T225615Z-1-001\BUYS\Screenshot_20221207_182531.png,train,BUY,HOLD,,,review_required,projection_conflict,0.8969,projection_opposes_trade_label|next_box_opposes_trade_label|directional_label_resolved_to_hold,wait,SELL,SELL,BUY,BUY,0.5304,0.1702,0.6999,none
C:\Users\thaba\OneDrive\Documents\The 808 Vision 2026\phoenixguard\data\clean_split\val\BUY\00112_000_234c0d22d2d2.png,C:\Users\thaba\OneDrive\Documents\The 808 Vision 2026\phoenixguard\808 Memory\BUYS-20260224T225615Z-1-001\BUYS\Screenshot_20230217_204919.png,val,BUY,HOLD,,,contradictory,projection_conflict,0.8969,projection_opposes_trade_label|next_box_opposes_trade_label|directional_label_resolved_to_hold,wait,SELL,SELL,BUY,BUY,0.5305,0.1675,0.7013,none
C:\Users\thaba\OneDrive\Documents\The 808 Vision 2026\phoenixguard\data\clean_split\val\BUY\00101_000_784922bf46ed.png,C:\Users\thaba\OneDrive\Documents\The 808 Vision 2026\phoenixguard\808 Memory\BUYS-20260224T225615Z-1-001\BUYS\Screenshot_20230203_090944.png,val,BUY,HOLD,,,contradictory,projection_conflict,0.8965,projection_opposes_trade_label|next_box_opposes_trade_label|directional_label_resolved_to_hold,wait,SELL,SELL,BUY,BUY,0.5299,0.1661,0.7011,none
C:\Users\thaba\OneDrive\Documents\The 808 Vision 2026\phoenixguard\data\clean_split\train\SELL\00176_001_c99d9cfcef36.png,C:\Users\thaba\OneDrive\Documents\The 808 Vision 2026\phoenixguard\808 Memory\SELLS-20260224T225719Z-1-001\SELLS\Screenshot 2023-06-02 094026.png,train,SELL,HOLD,,,contradictory,projection_conflict,0.8962,projection_opposes_trade_label|next_box_opposes_trade_label|directional_label_resolved_to_hold,wait,BUY,BUY,SELL,SELL,0.5299,0.1592,0.7044,none
C:\Users\thaba\OneDrive\Documents\The 808 Vision 2026\phoenixguard\data\clean_split\train\BUY\00092_000_92a26b6eb229.png,C:\Users\thaba\OneDrive\Documents\The 808 Vision 2026\phoenixguard\808 Memory\BUYS-20260224T225615Z-1-001\BUYS\Screenshot_20230130_133716.png,train,BUY,HOLD,,,contradictory,projection_conflict,0.8961,projection_opposes_trade_label|next_box_opposes_trade_label|directional_label_resolved_to_hold,wait,SELL,SELL,BUY,BUY,0.5293,0.1652,0.7007,none
C:\Users\thaba\OneDrive\Documents\The 808 Vision 2026\phoenixguard\data\clean_split\train\BUY\00049_000_a12bf86f73b3.png,C:\Users\thaba\OneDrive\Documents\The 808 Vision 2026\phoenixguard\808 Memory\BUYS-20260224T225615Z-1-001\BUYS\Screenshot_20221104_191221.png,train,BUY,HOLD,,,review_required,projection_conflict,0.8956,projection_opposes_trade_label|next_box_opposes_trade_label|directional_label_resolved_to_hold,wait,SELL,SELL,BUY,BUY,0.5286,0.1645,0.6999,none
C:\Users\thaba\OneDrive\Documents\The 808 Vision 2026\phoenixguard\data\clean_split\train\BUY\00084_000_4c34ddee1587.png,C:\Users\thaba\OneDrive\Documents\The 808 Vision 2026\phoenixguard\808 Memory\BUYS-20260224T225615Z-1-001\BUYS\Screenshot_20230123_193035.png,train,BUY,HOLD,,,review_required,projection_conflict,0.8955,projection_opposes_trade_label|next_box_opposes_trade_label|directional_label_resolved_to_hold,wait,SELL,SELL,BUY,BUY,0.5285,0.1647,0.6996,none
C:\Users\thaba\OneDrive\Documents\The 808 Vision 2026\phoenixguard\data\clean_split\val\BUY\00025_000_f8f1ac0edd31.png,C:\Users\thaba\OneDrive\Documents\The 808 Vision 2026\phoenixguard\808 Memory\BUYS-20260224T225615Z-1-001\BUYS\Screenshot 2023-05-12 071640.png,val,BUY,HOLD,,,review_required,projection_conflict,0.8955,projection_opposes_trade_label|next_box_opposes_trade_label|directional_label_resolved_to_hold,wait,SELL,SELL,BUY,BUY,0.5283,0.1652,0.6993,none
C:\Users\thaba\OneDrive\Documents\The 808 Vision 2026\phoenixguard\data\clean_split\train\BUY\00015_001_74b5ec643e01.png,C:\Users\thaba\OneDrive\Documents\The 808 Vision 2026\phoenixguard\808 Memory\BUYS-20260224T225615Z-1-001\BUYS\Screenshot 2023-03-06 172947.png,train,BUY,HOLD,,,review_required,projection_conflict,0.8954,projection_opposes_trade_label|next_box_opposes_trade_label|directional_label_resolved_to_hold,wait,SELL,SELL,BUY,BUY,0.5283,0.1651,0.6992,none
C:\Users\thaba\OneDrive\Documents\The 808 Vision 2026\phoenixguard\data\clean_split\val\BUY\00083_000_2e558891fe78.png,C:\Users\thaba\OneDrive\Documents\The 808 Vision 2026\phoenixguard\808 Memory\BUYS-20260224T225615Z-1-001\BUYS\Screenshot_20230116_183521.png,val,BUY,HOLD,,,review_required,projection_conflict,0.8950,projection_opposes_trade_label|next_box_opposes_trade_label|directional_label_resolved_to_hold,wait,SELL,SELL,BUY,BUY,0.5277,0.1651,0.6983,none
C:\Users\thaba\OneDrive\Documents\The 808 Vision 2026\phoenixguard\data\clean_split\val\BUY\00090_000_48cd4fe10a3f.png,C:\Users\thaba\OneDrive\Documents\The 808 Vision 2026\phoenixguard\808 Memory\BUYS-20260224T225615Z-1-001\BUYS\Screenshot_20230130_103923.png,val,BUY,HOLD,,,review_required,projection_conflict,0.8950,projection_opposes_trade_label|next_box_opposes_trade_label|directional_label_resolved_to_hold,wait,SELL,SELL,BUY,BUY,0.5277,0.1633,0.6991,none
C:\Users\thaba\OneDrive\Documents\The 808 Vision 2026\phoenixguard\data\clean_split\train\BUY\00070_000_d9d0c8fe706f.png,C:\Users\thaba\OneDrive\Documents\The 808 Vision 2026\phoenixguard\808 Memory\BUYS-20260224T225615Z-1-001\BUYS\Screenshot_20221219_145530.png,train,BUY,HOLD,,,review_required,projection_conflict,0.8948,projection_opposes_trade_label|next_box_opposes_trade_label|directional_label_resolved_to_hold,wait,SELL,SELL,BUY,BUY,0.5272,0.1665,0.6969,none
C:\Users\thaba\OneDrive\Documents\The 808 Vision 2026\phoenixguard\data\clean_split\train\SELL\00170_000_299fd95afd8e.png,C:\Users\thaba\OneDrive\Documents\The 808 Vision 2026\phoenixguard\808 Memory\SELLS-20260224T225719Z-1-001\SELLS\Screenshot 2023-06-01 053035.png,train,SELL,HOLD,,,review_required,projection_conflict,0.8948,projection_opposes_trade_label|next_box_opposes_trade_label|directional_label_resolved_to_hold,wait,BUY,BUY,SELL,SELL,0.5276,0.1616,0.6998,none
C:\Users\thaba\OneDrive\Documents\The 808 Vision 2026\phoenixguard\data\clean_split\train\BUY\00087_001_b46f154905a4.png,C:\Users\thaba\OneDrive\Documents\The 808 Vision 2026\phoenixguard\808 Memory\BUYS-20260224T225615Z-1-001\BUYS\Screenshot_20230130_101850.png,train,BUY,HOLD,,,review_required,projection_conflict,0.8942,projection_opposes_trade_label|next_box_opposes_trade_label|directional_label_resolved_to_hold,wait,SELL,SELL,BUY,BUY,0.5263,0.1650,0.6964,none
C:\Users\thaba\OneDrive\Documents\The 808 Vision 2026\phoenixguard\data\clean_split\train\BUY\00115_001_021152376238.png,C:\Users\thaba\OneDrive\Documents\The 808 Vision 2026\phoenixguard\808 Memory\BUYS-20260224T225615Z-1-001\BUYS\Screenshot_20230221_135031.png,train,BUY,HOLD,,,review_required,projection_conflict,0.8942,projection_opposes_trade_label|next_box_opposes_trade_label|directional_label_resolved_to_hold,wait,SELL,SELL,BUY,BUY,0.5265,0.1640,0.6970,none
C:\Users\thaba\OneDrive\Documents\The 808 Vision 2026\phoenixguard\data\clean_split\train\BUY\00065_000_e073aaa81127.png,C:\Users\thaba\OneDrive\Documents\The 808 Vision 2026\phoenixguard\808 Memory\BUYS-20260224T225615Z-1-001\BUYS\Screenshot_20221213_135440.png,train,BUY,HOLD,,,review_required,projection_conflict,0.8937,projection_opposes_trade_label|next_box_opposes_trade_label|directional_label_resolved_to_hold,wait,SELL,SELL,BUY,BUY,0.5255,0.1653,0.6951,none
C:\Users\thaba\OneDrive\Documents\The 808 Vision 2026\phoenixguard\data\clean_split\train\BUY\00087_002_72e3fb67f6c3.png,C:\Users\thaba\OneDrive\Documents\The 808 Vision 2026\phoenixguard\808 Memory\BUYS-20260224T225615Z-1-001\BUYS\Screenshot_20230130_101903.png,train,BUY,HOLD,,,review_required,projection_conflict,0.8935,projection_opposes_trade_label|next_box_opposes_trade_label|directional_label_resolved_to_hold,wait,SELL,SELL,BUY,BUY,0.5253,0.1631,0.6957,none
C:\Users\thaba\OneDrive\Documents\The 808 Vision 2026\phoenixguard\data\clean_split\val\SELL\00179_000_b527470696e1.png,C:\Users\thaba\OneDrive\Documents\The 808 Vision 2026\phoenixguard\808 Memory\SELLS-20260224T225719Z-1-001\SELLS\Screenshot 2023-06-02 185252.png,val,SELL,HOLD,,,review_required,projection_conflict,0.8935,projection_opposes_trade_label|next_box_opposes_trade_label|directional_label_resolved_to_hold,wait,BUY,BUY,SELL,SELL,0.5257,0.1569,0.6993,none
C:\Users\thaba\OneDrive\Documents\The 808 Vision 2026\phoenixguard\data\clean_split\test\BUY\00069_000_ad379928e396.png,C:\Users\thaba\OneDrive\Documents\The 808 Vision 2026\phoenixguard\808 Memory\BUYS-20260224T225615Z-1-001\BUYS\Screenshot_20221215_203226.png,test,BUY,HOLD,,,review_required,projection_conflict,0.8934,projection_opposes_trade_label|next_box_opposes_trade_label|directional_label_resolved_to_hold,wait,SELL,SELL,BUY,BUY,0.5252,0.1624,0.6959,none
C:\Users\thaba\OneDrive\Documents\The 808 Vision 2026\phoenixguard\data\clean_split\train\BUY\00042_000_c07cb1852568.png,C:\Users\thaba\OneDrive\Documents\The 808 Vision 2026\phoenixguard\808 Memory\BUYS-20260224T225615Z-1-001\BUYS\Screenshot 2025-01-07 062919.png,train,BUY,HOLD,,,review_required,projection_conflict,0.8932,projection_opposes_trade_label|next_box_opposes_trade_label|directional_label_resolved_to_hold,wait,SELL,SELL,BUY,BUY,0.5249,0.1617,0.6958,none
C:\Users\thaba\OneDrive\Documents\The 808 Vision 2026\phoenixguard\data\clean_split\train\BUY\00115_000_3b583826bb76.png,C:\Users\thaba\OneDrive\Documents\The 808 Vision 2026\phoenixguard\808 Memory\BUYS-20260224T225615Z-1-001\BUYS\Screenshot_20230221_124058.png,train,BUY,HOLD,,,review_required,projection_conflict,0.8931,projection_opposes_trade_label|next_box_opposes_trade_label|directional_label_resolved_to_hold,wait,SELL,SELL,BUY,BUY,0.5247,0.1634,0.6947,none
C:\Users\thaba\OneDrive\Documents\The 808 Vision 2026\phoenixguard\data\clean_split\train\SELL\00220_000_7a23cd149300.png,C:\Users\thaba\OneDrive\Documents\The 808 Vision 2026\phoenixguard\808 Memory\SELLS-20260224T225719Z-1-001\SELLS\Screenshot 2024-08-13 130352.png,train,SELL,HOLD,,,review_required,projection_conflict,0.8930,projection_opposes_trade_label|next_box_opposes_trade_label|directional_label_resolved_to_hold,wait,BUY,BUY,SELL,SELL,0.5247,0.1604,0.6962,none
C:\Users\thaba\OneDrive\Documents\The 808 Vision 2026\phoenixguard\data\clean_split\train\SELL\00176_000_8ebe45c80792.png,C:\Users\thaba\OneDrive\Documents\The 808 Vision 2026\phoenixguard\808 Memory\SELLS-20260224T225719Z-1-001\SELLS\Screenshot 2023-06-02 092357.png,train,SELL,HOLD,,,review_required,projection_conflict,0.8929,projection_opposes_trade_label|next_box_opposes_trade_label|directional_label_resolved_to_hold,wait,BUY,BUY,SELL,SELL,0.5249,0.1537,0.6996,none
C:\Users\thaba\OneDrive\Documents\The 808 Vision 2026\phoenixguard\data\clean_split\train\BUY\00058_000_6d04262b9ad9.png,C:\Users\thaba\OneDrive\Documents\The 808 Vision 2026\phoenixguard\808 Memory\BUYS-20260224T225615Z-1-001\BUYS\Screenshot_20221130_154656.png,train,BUY,HOLD,,,review_required,projection_conflict,0.8843,projection_opposes_trade_label|next_box_opposes_trade_label|directional_label_resolved_to_hold,wait,SELL,SELL,BUY,BUY,0.5111,0.1550,0.6786,none
C:\Users\thaba\OneDrive\Documents\The 808 Vision 2026\phoenixguard\data\clean_split\train\SELL\00162_000_555905adf5a7.png,C:\Users\thaba\OneDrive\Documents\The 808 Vision 2026\phoenixguard\808 Memory\SELLS-20260224T225719Z-1-001\SELLS\Screenshot 2023-05-23 173955.png,train,SELL,HOLD,,,review_required,projection_conflict,0.8843,projection_opposes_trade_label|next_box_opposes_trade_label|directional_label_resolved_to_hold,wait,BUY,BUY,SELL,SELL,0.5115,0.1476,0.6827,none
C:\Users\thaba\OneDrive\Documents\The 808 Vision 2026\phoenixguard\data\clean_split\train\SELL\00162_001_b866e1f478dd.png,C:\Users\thaba\OneDrive\Documents\The 808 Vision 2026\phoenixguard\808 Memory\SELLS-20260224T225719Z-1-001\SELLS\Screenshot 2023-05-23 174019.png,train,SELL,HOLD,,,review_required,projection_conflict,0.8843,projection_opposes_trade_label|next_box_opposes_trade_label|directional_label_resolved_to_hold,wait,BUY,BUY,SELL,SELL,0.5115,0.1476,0.6828,none
C:\Users\thaba\OneDrive\Documents\The 808 Vision 2026\phoenixguard\data\clean_split\train\BUY\00038_000_2cb98ecc6259.png,C:\Users\thaba\OneDrive\Documents\The 808 Vision 2026\phoenixguard\808 Memory\BUYS-20260224T225615Z-1-001\BUYS\Screenshot 2024-09-27 100652.png,train,BUY,HOLD,,,review_required,projection_conflict,0.8840,projection_opposes_trade_label|next_box_opposes_trade_label|directional_label_resolved_to_hold,wait,SELL,SELL,BUY,BUY,0.5111,0.1460,0.6830,none
C:\Users\thaba\OneDrive\Documents\The 808 Vision 2026\phoenixguard\data\clean_split\train\BUY\00036_000_668485048162.png,C:\Users\thaba\OneDrive\Documents\The 808 Vision 2026\phoenixguard\808 Memory\BUYS-20260224T225615Z-1-001\BUYS\Screenshot 2024-09-27 100422.png,train,BUY,HOLD,,,review_required,projection_conflict,0.8830,projection_opposes_trade_label|next_box_opposes_trade_label|directional_label_resolved_to_hold,wait,SELL,SELL,BUY,BUY,0.5098,0.1403,0.6837,none
C:\Users\thaba\OneDrive\Documents\The 808 Vision 2026\phoenixguard\data\clean_split\train\BUY\00051_000_74bd85b09bd5.png,C:\Users\thaba\OneDrive\Documents\The 808 Vision 2026\phoenixguard\808 Memory\BUYS-20260224T225615Z-1-001\BUYS\Screenshot_20221107_192224.png,train,BUY,HOLD,,,review_required,projection_conflict,0.8824,projection_opposes_trade_label|next_box_opposes_trade_label|directional_label_resolved_to_hold,wait,SELL,SELL,BUY,BUY,0.5083,0.1503,0.6768,none
C:\Users\thaba\OneDrive\Documents\The 808 Vision 2026\phoenixguard\data\clean_split\val\BUY\00089_000_f79316f9db47.png,C:\Users\thaba\OneDrive\Documents\The 808 Vision 2026\phoenixguard\808 Memory\BUYS-20260224T225615Z-1-001\BUYS\Screenshot_20230130_102251.png,val,BUY,HOLD,,,review_required,projection_conflict,0.8802,projection_opposes_trade_label|next_box_opposes_trade_label|directional_label_resolved_to_hold,wait,SELL,SELL,BUY,BUY,0.5050,0.1473,0.6733,none
C:\Users\thaba\OneDrive\Documents\The 808 Vision 2026\phoenixguard\data\clean_split\train\BUY\00037_002_a07c0f3318c9.png,C:\Users\thaba\OneDrive\Documents\The 808 Vision 2026\phoenixguard\808 Memory\BUYS-20260224T225615Z-1-001\BUYS\Screenshot 2024-09-27 100546.png,train,BUY,HOLD,,,review_required,projection_conflict,0.8801,projection_opposes_trade_label|next_box_opposes_trade_label|directional_label_resolved_to_hold,wait,SELL,SELL,BUY,BUY,0.5054,0.1358,0.6793,none
C:\Users\thaba\OneDrive\Documents\The 808 Vision 2026\phoenixguard\data\clean_split\train\BUY\00062_000_57b5054487ac.png,C:\Users\thaba\OneDrive\Documents\The 808 Vision 2026\phoenixguard\808 Memory\BUYS-20260224T225615Z-1-001\BUYS\Screenshot_20221212_161739.png,train,BUY,HOLD,,,review_required,projection_conflict,0.8800,projection_opposes_trade_label|next_box_opposes_trade_label|directional_label_resolved_to_hold,wait,SELL,SELL,BUY,BUY,0.5048,0.1447,0.6743,none
C:\Users\thaba\OneDrive\Documents\The 808 Vision 2026\phoenixguard\data\clean_split\train\BUY\00034_000_395c924a0c54.png,C:\Users\thaba\OneDrive\Documents\The 808 Vision 2026\phoenixguard\808 Memory\BUYS-20260224T225615Z-1-001\BUYS\Screenshot 2024-09-27 094515.png,train,BUY,HOLD,,,review_required,projection_conflict,0.8795,projection_opposes_trade_label|next_box_opposes_trade_label|directional_label_resolved_to_hold,wait,SELL,SELL,BUY,BUY,0.5045,0.1337,0.6791,none
C:\Users\thaba\OneDrive\Documents\The 808 Vision 2026\phoenixguard\data\clean_split\test\BUY\00004_000_33586b7c46e3.png,C:\Users\thaba\OneDrive\Documents\The 808 Vision 2026\phoenixguard\808 Memory\BUYS-20260224T225615Z-1-001\BUYS\808Fx Standard System 2.0.png,test,BUY,HOLD,,,review_required,projection_conflict,0.8793,projection_opposes_trade_label|next_box_opposes_trade_label|directional_label_resolved_to_hold,wait,SELL,SELL,BUY,BUY,0.5039,0.1388,0.6758,none
C:\Users\thaba\OneDrive\Documents\The 808 Vision 2026\phoenixguard\data\clean_split\test\SELL\00211_000_1d1272c9ebd5.png,C:\Users\thaba\OneDrive\Documents\The 808 Vision 2026\phoenixguard\808 Memory\SELLS-20260224T225719Z-1-001\SELLS\Screenshot 2024-08-07 071843.png,test,SELL,HOLD,,,contradictory,projection_conflict,0.8786,projection_opposes_trade_label|next_box_opposes_trade_label|directional_label_resolved_to_hold,wait,BUY,BUY,SELL,SELL,0.5083,0.0458,0.7259,none
C:\Users\thaba\OneDrive\Documents\The 808 Vision 2026\phoenixguard\data\clean_split\val\SELL\00232_000_5aa338f0fc86.png,C:\Users\thaba\OneDrive\Documents\The 808 Vision 2026\phoenixguard\808 Memory\SELLS-20260224T225719Z-1-001\SELLS\Screenshot 2024-12-09 192244.png,val,SELL,HOLD,,,review_required,projection_conflict,0.8758,next_box_opposes_trade_label|directional_label_resolved_to_hold,wait,BUY,BUY,SELL,SELL,0.4983,0.1407,0.6665,none
C:\Users\thaba\OneDrive\Documents\The 808 Vision 2026\phoenixguard\data\clean_split\train\BUY\00047_000_e38ba0ecf234.png,C:\Users\thaba\OneDrive\Documents\The 808 Vision 2026\phoenixguard\808 Memory\BUYS-20260224T225615Z-1-001\BUYS\Screenshot 2026-03-13 190330.png,train,BUY,HOLD,,,review_required,projection_conflict,0.8754,next_box_opposes_trade_label|directional_label_resolved_to_hold,wait,SELL,SELL,BUY,BUY,0.4977,0.1392,0.6664,none
C:\Users\thaba\OneDrive\Documents\The 808 Vision 2026\phoenixguard\data\clean_split\train\SELL\00128_000_5a245f077346.png,C:\Users\thaba\OneDrive\Documents\The 808 Vision 2026\phoenixguard\808 Memory\SELLS-20260224T225719Z-1-001\SELLS\GBPUSD IQ Trade 222.png,train,SELL,HOLD,,,review_required,projection_conflict,0.8749,next_box_opposes_trade_label|directional_label_resolved_to_hold,wait,BUY,BUY,SELL,SELL,0.4973,0.1319,0.6693,none
C:\Users\thaba\OneDrive\Documents\The 808 Vision 2026\phoenixguard\data\clean_split\train\BUY\00088_001_e8671e7597e0.png,C:\Users\thaba\OneDrive\Documents\The 808 Vision 2026\phoenixguard\808 Memory\BUYS-20260224T225615Z-1-001\BUYS\Screenshot_20230130_102306.png,train,BUY,HOLD,,,review_required,projection_conflict,0.8747,next_box_opposes_trade_label|directional_label_resolved_to_hold,wait,SELL,SELL,BUY,BUY,0.4969,0.1336,0.6679,none
C:\Users\thaba\OneDrive\Documents\The 808 Vision 2026\phoenixguard\data\clean_split\test\BUY\00013_000_15fff1e789cc.png,C:\Users\thaba\OneDrive\Documents\The 808 Vision 2026\phoenixguard\808 Memory\BUYS-20260224T225615Z-1-001\BUYS\Gold Buy Trade.png,test,BUY,HOLD,,,review_required,projection_conflict,0.8727,next_box_opposes_trade_label|directional_label_resolved_to_hold,wait,SELL,SELL,BUY,BUY,0.4938,0.1323,0.6640,none
C:\Users\thaba\OneDrive\Documents\The 808 Vision 2026\phoenixguard\data\clean_split\train\BUY\00073_000_a5681271ede9.png,C:\Users\thaba\OneDrive\Documents\The 808 Vision 2026\phoenixguard\808 Memory\BUYS-20260224T225615Z-1-001\BUYS\Screenshot_20221227_201327.png,train,BUY,HOLD,,,review_required,projection_conflict,0.8727,next_box_opposes_trade_label|directional_label_resolved_to_hold,wait,SELL,SELL,BUY,BUY,0.4938,0.1322,0.6640,none
C:\Users\thaba\OneDrive\Documents\The 808 Vision 2026\phoenixguard\data\clean_split\train\SELL\00267_000_78e53c20c763.png,C:\Users\thaba\OneDrive\Documents\The 808 Vision 2026\phoenixguard\808 Memory\SELLS-20260224T225719Z-1-001\SELLS\Screenshot_20230126_175327.png,train,SELL,HOLD,,,review_required,projection_conflict,0.8724,next_box_opposes_trade_label|directional_label_resolved_to_hold,wait,BUY,BUY,SELL,SELL,0.4944,0.1148,0.6730,none
C:\Users\thaba\OneDrive\Documents\The 808 Vision 2026\phoenixguard\data\clean_split\train\BUY\00024_000_d9250c0e0249.png,C:\Users\thaba\OneDrive\Documents\The 808 Vision 2026\phoenixguard\808 Memory\BUYS-20260224T225615Z-1-001\BUYS\Screenshot 2023-05-11 210548.png,train,BUY,HOLD,,,review_required,projection_conflict,0.8723,next_box_opposes_trade_label|directional_label_resolved_to_hold,wait,SELL,SELL,BUY,BUY,0.4933,0.1293,0.6646,none
C:\Users\thaba\OneDrive\Documents\The 808 Vision 2026\phoenixguard\data\clean_split\train\BUY\00063_000_b12b2fcd1a0a.png,C:\Users\thaba\OneDrive\Documents\The 808 Vision 2026\phoenixguard\808 Memory\BUYS-20260224T225615Z-1-001\BUYS\Screenshot_20221212_165056.png,train,BUY,HOLD,,,review_required,projection_conflict,0.8723,next_box_opposes_trade_label|directional_label_resolved_to_hold,wait,SELL,SELL,BUY,BUY,0.4934,0.1282,0.6652,none
C:\Users\thaba\OneDrive\Documents\The 808 Vision 2026\phoenixguard\data\clean_split\test\BUY\00017_000_fea2d06c5c4f.png,C:\Users\thaba\OneDrive\Documents\The 808 Vision 2026\phoenixguard\808 Memory\BUYS-20260224T225615Z-1-001\BUYS\Screenshot 2023-03-21 014345.png,test,BUY,HOLD,,,review_required,projection_conflict,0.8722,next_box_opposes_trade_label|directional_label_resolved_to_hold,wait,SELL,SELL,BUY,BUY,0.4928,0.1343,0.6616,none
C:\Users\thaba\OneDrive\Documents\The 808 Vision 2026\phoenixguard\data\clean_split\train\BUY\00023_000_57f9bf83e13a.png,C:\Users\thaba\OneDrive\Documents\The 808 Vision 2026\phoenixguard\808 Memory\BUYS-20260224T225615Z-1-001\BUYS\Screenshot 2023-05-08 215934.png,train,BUY,HOLD,,,review_required,projection_conflict,0.8722,next_box_opposes_trade_label|directional_label_resolved_to_hold,wait,SELL,SELL,BUY,BUY,0.4943,0.1101,0.6750,none
C:\Users\thaba\OneDrive\Documents\The 808 Vision 2026\phoenixguard\data\clean_split\train\SELL\00175_002_dc208f6ecf43.png,C:\Users\thaba\OneDrive\Documents\The 808 Vision 2026\phoenixguard\808 Memory\SELLS-20260224T225719Z-1-001\SELLS\Screenshot 2023-06-02 100127.png,train,SELL,HOLD,,,review_required,projection_conflict,0.8718,next_box_opposes_trade_label|directional_label_resolved_to_hold,wait,BUY,BUY,SELL,SELL,0.4927,0.1252,0.6656,none
C:\Users\thaba\OneDrive\Documents\The 808 Vision 2026\phoenixguard\data\clean_split\train\BUY\00061_000_1666906cfdb2.png,C:\Users\thaba\OneDrive\Documents\The 808 Vision 2026\phoenixguard\808 Memory\BUYS-20260224T225615Z-1-001\BUYS\Screenshot_20221208_110040.png,train,BUY,HOLD,,,review_required,projection_conflict,0.8716,next_box_opposes_trade_label|directional_label_resolved_to_hold,wait,SELL,SELL,BUY,BUY,0.4929,0.1154,0.6706,none
C:\Users\thaba\OneDrive\Documents\The 808 Vision 2026\phoenixguard\data\clean_split\val\BUY\00019_000_67bd4a36ea9e.png,C:\Users\thaba\OneDrive\Documents\The 808 Vision 2026\phoenixguard\808 Memory\BUYS-20260224T225615Z-1-001\BUYS\Screenshot 2023-04-06 182115.png,val,BUY,HOLD,,,review_required,projection_conflict,0.8712,next_box_opposes_trade_label|directional_label_resolved_to_hold,wait,SELL,SELL,BUY,BUY,0.4925,0.1144,0.6704,none
C:\Users\thaba\OneDrive\Documents\The 808 Vision 2026\phoenixguard\data\clean_split\val\BUY\00020_000_005c942ae2df.png,C:\Users\thaba\OneDrive\Documents\The 808 Vision 2026\phoenixguard\808 Memory\BUYS-20260224T225615Z-1-001\BUYS\Screenshot 2023-05-05 183121.png,val,BUY,HOLD,,,review_required,projection_conflict,0.8684,next_box_opposes_trade_label|directional_label_resolved_to_hold,wait,SELL,SELL,BUY,BUY,0.4872,0.1267,0.6569,none
C:\Users\thaba\OneDrive\Documents\The 808 Vision 2026\phoenixguard\data\clean_split\val\SELL\00192_000_6b2815bdd3af.png,C:\Users\thaba\OneDrive\Documents\The 808 Vision 2026\phoenixguard\808 Memory\SELLS-20260224T225719Z-1-001\SELLS\Screenshot 2023-06-22 054206.png,val,SELL,HOLD,,,review_required,projection_conflict,0.8653,next_box_opposes_trade_label|directional_label_resolved_to_hold,wait,BUY,BUY,SELL,SELL,0.4850,0.0794,0.6759,none
C:\Users\thaba\OneDrive\Documents\The 808 Vision 2026\phoenixguard\data\clean_split\train\BUY\00050_000_f7c5afcbee58.png,C:\Users\thaba\OneDrive\Documents\The 808 Vision 2026\phoenixguard\808 Memory\BUYS-20260224T225615Z-1-001\BUYS\Screenshot_20221104_194337.png,train,BUY,HOLD,,,review_required,projection_conflict,0.8638,next_box_opposes_trade_label|directional_label_resolved_to_hold,wait,SELL,SELL,BUY,BUY,0.4816,0.0970,0.6625,none
C:\Users\thaba\OneDrive\Documents\The 808 Vision 2026\phoenixguard\data\clean_split\train\BUY\00015_000_aa207dc27400.png,C:\Users\thaba\OneDrive\Documents\The 808 Vision 2026\phoenixguard\808 Memory\BUYS-20260224T225615Z-1-001\BUYS\Screenshot 2023-03-06 172624.png,train,BUY,HOLD,,,review_required,projection_conflict,0.8627,next_box_opposes_trade_label|directional_label_resolved_to_hold,wait,SELL,SELL,BUY,BUY,0.4827,0.0465,0.6880,none
C:\Users\thaba\OneDrive\Documents\The 808 Vision 2026\phoenixguard\data\clean_split\test\BUY\00103_000_83240ee54ce9.png,C:\Users\thaba\OneDrive\Documents\The 808 Vision 2026\phoenixguard\808 Memory\BUYS-20260224T225615Z-1-001\BUYS\Screenshot_20230213_181055.png,test,BUY,HOLD,,,review_required,projection_conflict,0.8626,next_box_opposes_trade_label|directional_label_resolved_to_hold,wait,SELL,SELL,BUY,BUY,0.4787,0.1120,0.6513,none
C:\Users\thaba\OneDrive\Documents\The 808 Vision 2026\phoenixguard\data\clean_split\train\BUY\00008_000_6df513ec22d7.png,C:\Users\thaba\OneDrive\Documents\The 808 Vision 2026\phoenixguard\808 Memory\BUYS-20260224T225615Z-1-001\BUYS\EURCAD Binary.png,train,BUY,HOLD,,,review_required,projection_conflict,0.8623,next_box_opposes_trade_label|directional_label_resolved_to_hold,wait,SELL,SELL,BUY,BUY,0.4784,0.1102,0.6517,none
C:\Users\thaba\OneDrive\Documents\The 808 Vision 2026\phoenixguard\data\clean_split\train\SELL\00193_000_fd20f62ac57d.png,C:\Users\thaba\OneDrive\Documents\The 808 Vision 2026\phoenixguard\808 Memory\SELLS-20260224T225719Z-1-001\SELLS\Screenshot 2024-05-22 102340.png,train,SELL,HOLD,,,review_required,projection_conflict,0.8622,next_box_opposes_trade_label|directional_label_resolved_to_hold,wait,BUY,BUY,SELL,SELL,0.4782,0.1100,0.6514,none
C:\Users\thaba\OneDrive\Documents\The 808 Vision 2026\phoenixguard\data\clean_split\train\BUY\00001_000_784b73bad6ce.png,C:\Users\thaba\OneDrive\Documents\The 808 Vision 2026\phoenixguard\808 Memory\BUYS-20260224T225615Z-1-001\BUYS\808Fx Standard System 2.0 Binary 2.0.png,train,BUY,HOLD,,,review_required,projection_conflict,0.8617,next_box_opposes_trade_label|directional_label_resolved_to_hold,wait,SELL,SELL,BUY,BUY,0.4784,0.0918,0.6604,none
C:\Users\thaba\OneDrive\Documents\The 808 Vision 2026\phoenixguard\data\clean_split\test\BUY\00081_000_c61803be7379.png,C:\Users\thaba\OneDrive\Documents\The 808 Vision 2026\phoenixguard\808 Memory\BUYS-20260224T225615Z-1-001\BUYS\Screenshot_20230111_215323.png,test,BUY,HOLD,,,review_required,projection_conflict,0.8609,next_box_opposes_trade_label|directional_label_resolved_to_hold,wait,SELL,SELL,BUY,BUY,0.4765,0.1040,0.6518,none
C:\Users\thaba\OneDrive\Documents\The 808 Vision 2026\phoenixguard\data\clean_split\train\BUY\00032_000_99b96b5aa3d3.png,C:\Users\thaba\OneDrive\Documents\The 808 Vision 2026\phoenixguard\808 Memory\BUYS-20260224T225615Z-1-001\BUYS\Screenshot 2024-08-26 221200.png,train,BUY,HOLD,,,review_required,projection_conflict,0.8604,next_box_opposes_trade_label|directional_label_resolved_to_hold,wait,SELL,SELL,BUY,BUY,0.4754,0.1100,0.6473,none
C:\Users\thaba\OneDrive\Documents\The 808 Vision 2026\phoenixguard\data\clean_split\train\BUY\00055_000_3b37fae2ee82.png,C:\Users\thaba\OneDrive\Documents\The 808 Vision 2026\phoenixguard\808 Memory\BUYS-20260224T225615Z-1-001\BUYS\Screenshot_20221124_085621.png,train,BUY,HOLD,,,review_required,projection_conflict,0.8600,next_box_opposes_trade_label|directional_label_resolved_to_hold,wait,SELL,SELL,BUY,BUY,0.4788,0.0386,0.6859,none
C:\Users\thaba\OneDrive\Documents\The 808 Vision 2026\phoenixguard\data\clean_split\val\BUY\00000_000_376c6b30329f.png,C:\Users\thaba\OneDrive\Documents\The 808 Vision 2026\phoenixguard\808 Memory\BUYS-20260224T225615Z-1-001\BUYS\700pips profit.png,val,BUY,HOLD,,,review_required,projection_conflict,0.8599,next_box_opposes_trade_label|directional_label_resolved_to_hold,wait,SELL,SELL,BUY,BUY,0.4788,0.0386,0.6859,none
C:\Users\thaba\OneDrive\Documents\The 808 Vision 2026\phoenixguard\data\clean_split\val\BUY\00057_000_81c6b947502f.png,C:\Users\thaba\OneDrive\Documents\The 808 Vision 2026\phoenixguard\808 Memory\BUYS-20260224T225615Z-1-001\BUYS\Screenshot_20221124_201612.png,val,BUY,HOLD,,,review_required,projection_conflict,0.8594,next_box_opposes_trade_label|directional_label_resolved_to_hold,wait,SELL,SELL,BUY,BUY,0.4741,0.1044,0.6480,none
C:\Users\thaba\OneDrive\Documents\The 808 Vision 2026\phoenixguard\data\clean_split\train\BUY\00082_000_289da03efea0.png,C:\Users\thaba\OneDrive\Documents\The 808 Vision 2026\phoenixguard\808 Memory\BUYS-20260224T225615Z-1-001\BUYS\Screenshot_20230116_142206.png,train,BUY,HOLD,,,review_required,projection_conflict,0.8589,next_box_opposes_trade_label|directional_label_resolved_to_hold,wait,SELL,SELL,BUY,BUY,0.4733,0.1037,0.6473,none
C:\Users\thaba\OneDrive\Documents\The 808 Vision 2026\phoenixguard\data\clean_split\train\BUY\00088_000_9cab77001e5a.png,C:\Users\thaba\OneDrive\Documents\The 808 Vision 2026\phoenixguard\808 Memory\BUYS-20260224T225615Z-1-001\BUYS\Screenshot_20230130_102151.png,train,BUY,HOLD,,,review_required,projection_conflict,0.8583,next_box_opposes_trade_label|directional_label_resolved_to_hold,wait,SELL,SELL,BUY,BUY,0.4726,0.1000,0.6480,none
C:\Users\thaba\OneDrive\Documents\The 808 Vision 2026\phoenixguard\data\clean_split\train\BUY\00066_000_b3804b04754e.png,C:\Users\thaba\OneDrive\Documents\The 808 Vision 2026\phoenixguard\808 Memory\BUYS-20260224T225615Z-1-001\BUYS\Screenshot_20221213_190314.png,train,BUY,HOLD,,,review_required,projection_conflict,0.8581,next_box_opposes_trade_label|directional_label_resolved_to_hold,wait,SELL,SELL,BUY,BUY,0.4722,0.1000,0.6473,none
C:\Users\thaba\OneDrive\Documents\The 808 Vision 2026\phoenixguard\data\clean_split\train\BUY\00016_000_eb88a4fbc8b6.png,C:\Users\thaba\OneDrive\Documents\The 808 Vision 2026\phoenixguard\808 Memory\BUYS-20260224T225615Z-1-001\BUYS\Screenshot 2023-03-08 065937.png,train,BUY,HOLD,,,review_required,projection_conflict,0.8580,next_box_opposes_trade_label|directional_label_resolved_to_hold,wait,SELL,SELL,BUY,BUY,0.4719,0.1036,0.6452,none
C:\Users\thaba\OneDrive\Documents\The 808 Vision 2026\phoenixguard\data\clean_split\val\SELL\00150_000_2c78465b5c80.png,C:\Users\thaba\OneDrive\Documents\The 808 Vision 2026\phoenixguard\808 Memory\SELLS-20260224T225719Z-1-001\SELLS\Screenshot 2023-05-04 143902.png,val,SELL,HOLD,,,review_required,projection_conflict,0.8570,next_box_opposes_trade_label|directional_label_resolved_to_hold,wait,BUY,BUY,SELL,SELL,0.4706,0.0987,0.6456,none
C:\Users\thaba\OneDrive\Documents\The 808 Vision 2026\phoenixguard\data\clean_split\train\BUY\00048_000_858552dc0b6c.png,C:\Users\thaba\OneDrive\Documents\The 808 Vision 2026\phoenixguard\808 Memory\BUYS-20260224T225615Z-1-001\BUYS\Screenshot_20221104_191201.png,train,BUY,HOLD,,,review_required,projection_conflict,0.8559,next_box_opposes_trade_label|directional_label_resolved_to_hold,wait,SELL,SELL,BUY,BUY,0.4720,0.0441,0.6733,none
C:\Users\thaba\OneDrive\Documents\The 808 Vision 2026\phoenixguard\data\clean_split\train\SELL\00269_001_9383d5ca6f9e.png,C:\Users\thaba\OneDrive\Documents\The 808 Vision 2026\phoenixguard\808 Memory\SELLS-20260224T225719Z-1-001\SELLS\Screenshot_20230131_123739.png,train,SELL,HOLD,,,review_required,projection_conflict,0.8554,next_box_opposes_trade_label|directional_label_resolved_to_hold,wait,BUY,BUY,SELL,SELL,0.4689,0.0829,0.6506,none
C:\Users\thaba\OneDrive\Documents\The 808 Vision 2026\phoenixguard\data\clean_split\val\BUY\00102_000_1c3a403345da.png,C:\Users\thaba\OneDrive\Documents\The 808 Vision 2026\phoenixguard\808 Memory\BUYS-20260224T225615Z-1-001\BUYS\Screenshot_20230203_092432.png,val,BUY,HOLD,,,review_required,projection_conflict,0.8540,next_box_opposes_trade_label|directional_label_resolved_to_hold,wait,SELL,SELL,BUY,BUY,0.4688,0.0447,0.6684,none
C:\Users\thaba\OneDrive\Documents\The 808 Vision 2026\phoenixguard\data\clean_split\test\BUY\00014_000_79cec4231312.png,C:\Users\thaba\OneDrive\Documents\The 808 Vision 2026\phoenixguard\808 Memory\BUYS-20260224T225615Z-1-001\BUYS\Screenshot 2023-03-04 094333.png,test,BUY,HOLD,,,review_required,projection_conflict,0.8535,next_box_opposes_trade_label|directional_label_resolved_to_hold,wait,SELL,SELL,BUY,BUY,0.4652,0.0940,0.6398,none
C:\Users\thaba\OneDrive\Documents\The 808 Vision 2026\phoenixguard\data\clean_split\val\BUY\00053_000_7503da731c3d.png,C:\Users\thaba\OneDrive\Documents\The 808 Vision 2026\phoenixguard\808 Memory\BUYS-20260224T225615Z-1-001\BUYS\Screenshot_20221108_114641.png,val,BUY,HOLD,,,review_required,projection_conflict,0.8530,next_box_opposes_trade_label|directional_label_resolved_to_hold,wait,SELL,SELL,BUY,BUY,0.4645,0.0929,0.6393,none
C:\Users\thaba\OneDrive\Documents\The 808 Vision 2026\phoenixguard\data\clean_split\train\BUY\00021_000_801415922435.png,C:\Users\thaba\OneDrive\Documents\The 808 Vision 2026\phoenixguard\808 Memory\BUYS-20260224T225615Z-1-001\BUYS\Screenshot 2023-05-05 183238.png,train,BUY,HOLD,,,review_required,projection_conflict,0.8512,next_box_opposes_trade_label|directional_label_resolved_to_hold,wait,SELL,SELL,BUY,BUY,0.4626,0.0740,0.6455,none
C:\Users\thaba\OneDrive\Documents\The 808 Vision 2026\phoenixguard\data\clean_split\train\SELL\00221_000_0153c0eb9645.png,C:\Users\thaba\OneDrive\Documents\The 808 Vision 2026\phoenixguard\808 Memory\SELLS-20260224T225719Z-1-001\SELLS\Screenshot 2024-08-13 152135.png,train,SELL,HOLD,,,review_required,projection_conflict,0.8512,next_box_opposes_trade_label|directional_label_resolved_to_hold,wait,BUY,BUY,SELL,SELL,0.4616,0.0925,0.6354,none
C:\Users\thaba\OneDrive\Documents\The 808 Vision 2026\phoenixguard\data\clean_split\train\SELL\00188_000_2b9588b0a453.png,C:\Users\thaba\OneDrive\Documents\The 808 Vision 2026\phoenixguard\808 Memory\SELLS-20260224T225719Z-1-001\SELLS\Screenshot 2023-06-12 090219.png,train,SELL,HOLD,,,review_required,projection_conflict,0.8502,next_box_opposes_trade_label|directional_label_resolved_to_hold,wait,BUY,BUY,SELL,SELL,0.4612,0.0719,0.6444,none
C:\Users\thaba\OneDrive\Documents\The 808 Vision 2026\phoenixguard\data\clean_split\train\BUY\00098_000_8620897f3e0a.png,C:\Users\thaba\OneDrive\Documents\The 808 Vision 2026\phoenixguard\808 Memory\BUYS-20260224T225615Z-1-001\BUYS\Screenshot_20230201_224607.png,train,BUY,HOLD,,,review_required,projection_conflict,0.8485,next_box_opposes_trade_label|directional_label_resolved_to_hold,wait,SELL,SELL,BUY,BUY,0.4588,0.0668,0.6433,none
C:\Users\thaba\OneDrive\Documents\The 808 Vision 2026\phoenixguard\data\clean_split\train\SELL\00226_000_c6b7bd5a7101.png,C:\Users\thaba\OneDrive\Documents\The 808 Vision 2026\phoenixguard\808 Memory\SELLS-20260224T225719Z-1-001\SELLS\Screenshot 2024-11-06 052811.png,train,SELL,HOLD,,,review_required,projection_conflict,0.8484,next_box_opposes_trade_label|directional_label_resolved_to_hold,wait,BUY,BUY,SELL,SELL,0.4603,0.0376,0.6593,none
C:\Users\thaba\OneDrive\Documents\The 808 Vision 2026\phoenixguard\data\clean_split\val\BUY\00107_000_bda5c042c0ce.png,C:\Users\thaba\OneDrive\Documents\The 808 Vision 2026\phoenixguard\808 Memory\BUYS-20260224T225615Z-1-001\BUYS\Screenshot_20230214_012839.png,val,BUY,HOLD,,,review_required,projection_conflict,0.8450,next_box_opposes_trade_label|directional_label_resolved_to_hold,wait,SELL,SELL,BUY,BUY,0.4536,0.0604,0.6387,none
C:\Users\thaba\OneDrive\Documents\The 808 Vision 2026\phoenixguard\data\clean_split\train\SELL\00118_000_00a0b91bf4b4.png,C:\Users\thaba\OneDrive\Documents\The 808 Vision 2026\phoenixguard\808 Memory\SELLS-20260224T225719Z-1-001\SELLS\EURCAD After.png,train,SELL,HOLD,,,review_required,projection_conflict,0.8430,next_box_opposes_trade_label|directional_label_resolved_to_hold,wait,BUY,BUY,SELL,SELL,0.4500,0.0663,0.6306,none
C:\Users\thaba\OneDrive\Documents\The 808 Vision 2026\phoenixguard\data\clean_split\test\SELL\00120_000_6a7608106495.png,C:\Users\thaba\OneDrive\Documents\The 808 Vision 2026\phoenixguard\808 Memory\SELLS-20260224T225719Z-1-001\SELLS\EURJPY MT4 TRADE BUY.png,test,SELL,HOLD,,,review_required,projection_conflict,0.8412,next_box_opposes_trade_label|directional_label_resolved_to_hold,wait,BUY,BUY,SELL,SELL,0.4479,0.0511,0.6347,none
C:\Users\thaba\OneDrive\Documents\The 808 Vision 2026\phoenixguard\data\clean_split\train\BUY\00071_001_e3ffa4b00483.png,C:\Users\thaba\OneDrive\Documents\The 808 Vision 2026\phoenixguard\808 Memory\BUYS-20260224T225615Z-1-001\BUYS\Screenshot_20221227_200828.png,train,BUY,HOLD,,,review_required,projection_conflict,0.8395,next_box_opposes_trade_label|directional_label_resolved_to_hold,wait,SELL,SELL,BUY,BUY,0.4454,0.0501,0.6314,none
C:\Users\thaba\OneDrive\Documents\The 808 Vision 2026\phoenixguard\data\clean_split\train\BUY\00072_000_0eb6c83355d5.png,C:\Users\thaba\OneDrive\Documents\The 808 Vision 2026\phoenixguard\808 Memory\BUYS-20260224T225615Z-1-001\BUYS\Screenshot_20221227_201041.png,train,BUY,HOLD,,,review_required,projection_conflict,0.8373,next_box_opposes_trade_label|directional_label_resolved_to_hold,wait,SELL,SELL,BUY,BUY,0.4421,0.0458,0.6285,none
C:\Users\thaba\OneDrive\Documents\The 808 Vision 2026\phoenixguard\data\clean_split\train\SELL\00151_000_e0fbd54433fd.png,C:\Users\thaba\OneDrive\Documents\The 808 Vision 2026\phoenixguard\808 Memory\SELLS-20260224T225719Z-1-001\SELLS\Screenshot 2023-05-04 144541.png,train,SELL,HOLD,,,review_required,projection_conflict,0.8372,next_box_opposes_trade_label|directional_label_resolved_to_hold,wait,BUY,BUY,SELL,SELL,0.4428,0.0304,0.6369,none
C:\Users\thaba\OneDrive\Documents\The 808 Vision 2026\phoenixguard\data\clean_split\train\BUY\00006_000_855dad0a834a.png,C:\Users\thaba\OneDrive\Documents\The 808 Vision 2026\phoenixguard\808 Memory\BUYS-20260224T225615Z-1-001\BUYS\AUDUSD Buy Trade with Sl Trail.png,train,BUY,HOLD,,,review_required,projection_conflict,0.8367,next_box_opposes_trade_label|directional_label_resolved_to_hold,wait,SELL,SELL,BUY,BUY,0.4412,0.0428,0.6287,none
C:\Users\thaba\OneDrive\Documents\The 808 Vision 2026\phoenixguard\data\clean_split\train\SELL\00149_000_47b208f973fe.png,C:\Users\thaba\OneDrive\Documents\The 808 Vision 2026\phoenixguard\808 Memory\SELLS-20260224T225719Z-1-001\SELLS\Screenshot 2023-05-04 053600.png,train,SELL,HOLD,,,review_required,projection_conflict,0.8351,next_box_opposes_trade_label|directional_label_resolved_to_hold,wait,BUY,BUY,SELL,SELL,0.4395,0.0288,0.6328,none
C:\Users\thaba\OneDrive\Documents\The 808 Vision 2026\phoenixguard\data\clean_split\train\SELL\00149_001_8d585cbdeef5.png,C:\Users\thaba\OneDrive\Documents\The 808 Vision 2026\phoenixguard\808 Memory\SELLS-20260224T225719Z-1-001\SELLS\Screenshot 2023-05-04 053629.png,train,SELL,HOLD,,,review_required,projection_conflict,0.8351,next_box_opposes_trade_label|directional_label_resolved_to_hold,wait,BUY,BUY,SELL,SELL,0.4395,0.0288,0.6328,none
C:\Users\thaba\OneDrive\Documents\The 808 Vision 2026\phoenixguard\data\clean_split\val\BUY\00104_000_58b3cd06f58d.png,C:\Users\thaba\OneDrive\Documents\The 808 Vision 2026\phoenixguard\808 Memory\BUYS-20260224T225615Z-1-001\BUYS\Screenshot_20230213_183142.png,val,BUY,HOLD,,,review_required,projection_conflict,0.8343,next_box_opposes_trade_label|directional_label_resolved_to_hold,wait,SELL,SELL,BUY,BUY,0.4380,0.0324,0.6289,none
C:\Users\thaba\OneDrive\Documents\The 808 Vision 2026\phoenixguard\data\clean_split\val\BUY\00079_000_e0ed2d52a61d.png,C:\Users\thaba\OneDrive\Documents\The 808 Vision 2026\phoenixguard\808 Memory\BUYS-20260224T225615Z-1-001\BUYS\Screenshot_20230104_171929.png,val,BUY,HOLD,,,review_required,projection_conflict,0.8342,next_box_opposes_trade_label|directional_label_resolved_to_hold,wait,SELL,SELL,BUY,BUY,0.4366,0.0527,0.6173,none
C:\Users\thaba\OneDrive\Documents\The 808 Vision 2026\phoenixguard\data\clean_split\train\SELL\00209_000_df6a462a46ff.png,C:\Users\thaba\OneDrive\Documents\The 808 Vision 2026\phoenixguard\808 Memory\SELLS-20260224T225719Z-1-001\SELLS\Screenshot 2024-08-06 192626.png,train,SELL,HOLD,,,review_required,projection_conflict,0.8337,next_box_opposes_trade_label|directional_label_resolved_to_hold,wait,BUY,BUY,SELL,SELL,0.4360,0.0488,0.6182,none
C:\Users\thaba\OneDrive\Documents\The 808 Vision 2026\phoenixguard\data\clean_split\train\BUY\00031_000_8f9c9497ce73.png,C:\Users\thaba\OneDrive\Documents\The 808 Vision 2026\phoenixguard\808 Memory\BUYS-20260224T225615Z-1-001\BUYS\Screenshot 2024-08-01 174659.png,train,BUY,HOLD,,,review_required,projection_conflict,0.8327,next_box_opposes_trade_label|directional_label_resolved_to_hold,wait,SELL,SELL,BUY,BUY,0.4355,0.0332,0.6248,none
C:\Users\thaba\OneDrive\Documents\The 808 Vision 2026\phoenixguard\data\clean_split\train\BUY\00031_001_7ca5c4f87861.png,C:\Users\thaba\OneDrive\Documents\The 808 Vision 2026\phoenixguard\808 Memory\BUYS-20260224T225615Z-1-001\BUYS\Screenshot 2024-08-01 174714.png,train,BUY,HOLD,,,review_required,projection_conflict,0.8322,next_box_opposes_trade_label|directional_label_resolved_to_hold,wait,SELL,SELL,BUY,BUY,0.4345,0.0338,0.6231,none
C:\Users\thaba\OneDrive\Documents\The 808 Vision 2026\phoenixguard\data\clean_split\train\SELL\00227_000_b58fd51373ca.png,C:\Users\thaba\OneDrive\Documents\The 808 Vision 2026\phoenixguard\808 Memory\SELLS-20260224T225719Z-1-001\SELLS\Screenshot 2024-11-06 063705.png,train,SELL,HOLD,,,review_required,projection_conflict,0.8318,next_box_opposes_trade_label|directional_label_resolved_to_hold,wait,BUY,BUY,SELL,SELL,0.4333,0.0433,0.6168,none
C:\Users\thaba\OneDrive\Documents\The 808 Vision 2026\phoenixguard\data\clean_split\train\SELL\00146_000_d1204094126d.png,C:\Users\thaba\OneDrive\Documents\The 808 Vision 2026\phoenixguard\808 Memory\SELLS-20260224T225719Z-1-001\SELLS\Screenshot 2023-05-03 061457.png,train,SELL,HOLD,,,review_required,projection_conflict,0.8316,next_box_opposes_trade_label|directional_label_resolved_to_hold,wait,BUY,BUY,SELL,SELL,0.4332,0.0395,0.6185,none
C:\Users\thaba\OneDrive\Documents\The 808 Vision 2026\phoenixguard\data\clean_split\val\SELL\00262_000_d50c8b90a716.png,C:\Users\thaba\OneDrive\Documents\The 808 Vision 2026\phoenixguard\808 Memory\SELLS-20260224T225719Z-1-001\SELLS\Screenshot_20230125_153716.png,val,SELL,HOLD,,,review_required,projection_conflict,0.8312,next_box_opposes_trade_label|directional_label_resolved_to_hold,wait,BUY,BUY,SELL,SELL,0.4328,0.0353,0.6199,none
C:\Users\thaba\OneDrive\Documents\The 808 Vision 2026\phoenixguard\data\clean_split\train\SELL\00227_001_83db701c2abb.png,C:\Users\thaba\OneDrive\Documents\The 808 Vision 2026\phoenixguard\808 Memory\SELLS-20260224T225719Z-1-001\SELLS\Screenshot 2024-11-06 080459.png,train,SELL,HOLD,,,review_required,projection_conflict,0.8307,next_box_opposes_trade_label|directional_label_resolved_to_hold,wait,BUY,BUY,SELL,SELL,0.4319,0.0381,0.6172,none
C:\Users\thaba\OneDrive\Documents\The 808 Vision 2026\phoenixguard\data\clean_split\train\BUY\00071_000_3b1ae8d62fa7.png,C:\Users\thaba\OneDrive\Documents\The 808 Vision 2026\phoenixguard\808 Memory\BUYS-20260224T225615Z-1-001\BUYS\Screenshot_20221227_200814.png,train,BUY,HOLD,,,review_required,projection_conflict,0.8300,next_box_opposes_trade_label|directional_label_resolved_to_hold,wait,SELL,SELL,BUY,BUY,0.4312,0.0320,0.6190,none
C:\Users\thaba\OneDrive\Documents\The 808 Vision 2026\phoenixguard\data\clean_split\val\BUY\00097_000_d434ed129117.png,C:\Users\thaba\OneDrive\Documents\The 808 Vision 2026\phoenixguard\808 Memory\BUYS-20260224T225615Z-1-001\BUYS\Screenshot_20230201_221307.png,val,BUY,HOLD,,,review_required,projection_conflict,0.8271,next_box_opposes_trade_label|directional_label_resolved_to_hold,wait,SELL,SELL,BUY,BUY,0.4273,0.0178,0.6200,none
C:\Users\thaba\OneDrive\Documents\The 808 Vision 2026\phoenixguard\data\clean_split\train\SELL\00237_000_9e7b054263ac.png,C:\Users\thaba\OneDrive\Documents\The 808 Vision 2026\phoenixguard\808 Memory\SELLS-20260224T225719Z-1-001\SELLS\Screenshot_20221024_115446.png,train,SELL,HOLD,,,review_required,projection_conflict,0.8260,next_box_opposes_trade_label|directional_label_resolved_to_hold,wait,BUY,BUY,SELL,SELL,0.4257,0.0151,0.6189,none
C:\Users\thaba\OneDrive\Documents\The 808 Vision 2026\phoenixguard\data\clean_split\test\BUY\00029_000_07377368499b.png,C:\Users\thaba\OneDrive\Documents\The 808 Vision 2026\phoenixguard\808 Memory\BUYS-20260224T225615Z-1-001\BUYS\Screenshot 2023-06-22 054409.png,test,BUY,HOLD,,,review_required,projection_conflict,0.8247,next_box_opposes_trade_label|directional_label_resolved_to_hold,wait,SELL,SELL,BUY,BUY,0.4238,0.0133,0.6169,none
C:\Users\thaba\OneDrive\Documents\The 808 Vision 2026\phoenixguard\data\clean_split\train\BUY\00093_000_e1aea6aba084.png,C:\Users\thaba\OneDrive\Documents\The 808 Vision 2026\phoenixguard\808 Memory\BUYS-20260224T225615Z-1-001\BUYS\Screenshot_20230130_134004.png,train,BUY,HOLD,,,review_required,projection_conflict,0.8243,next_box_opposes_trade_label|directional_label_resolved_to_hold,wait,SELL,SELL,BUY,BUY,0.4233,0.0109,0.6173,none
C:\Users\thaba\OneDrive\Documents\The 808 Vision 2026\phoenixguard\data\clean_split\train\SELL\00168_000_ddb91dfdc987.png,C:\Users\thaba\OneDrive\Documents\The 808 Vision 2026\phoenixguard\808 Memory\SELLS-20260224T225719Z-1-001\SELLS\Screenshot 2023-06-01 052438.png,train,SELL,HOLD,,,review_required,projection_conflict,0.8234,next_box_opposes_trade_label|directional_label_resolved_to_hold,wait,BUY,BUY,SELL,SELL,0.4215,0.0153,0.6126,none
C:\Users\thaba\OneDrive\Documents\The 808 Vision 2026\phoenixguard\data\clean_split\train\SELL\00131_000_6f29b0eb57b6.png,C:\Users\thaba\OneDrive\Documents\The 808 Vision 2026\phoenixguard\808 Memory\SELLS-20260224T225719Z-1-001\SELLS\GBPUSD IQ Trade.png,train,SELL,HOLD,,,review_required,projection_conflict,0.8233,next_box_opposes_trade_label|directional_label_resolved_to_hold,wait,BUY,BUY,SELL,SELL,0.4212,0.0164,0.6118,none
C:\Users\thaba\OneDrive\Documents\The 808 Vision 2026\phoenixguard\data\clean_split\test\BUY\00094_000_062097a874e7.png,C:\Users\thaba\OneDrive\Documents\The 808 Vision 2026\phoenixguard\808 Memory\BUYS-20260224T225615Z-1-001\BUYS\Screenshot_20230131_230237.png,test,BUY,HOLD,,,review_required,projection_conflict,0.8227,next_box_opposes_trade_label|directional_label_resolved_to_hold,wait,SELL,SELL,BUY,BUY,0.4183,0.0497,0.5918,none
C:\Users\thaba\OneDrive\Documents\The 808 Vision 2026\phoenixguard\data\clean_split\train\SELL\00228_000_80b71804ef6d.png,C:\Users\thaba\OneDrive\Documents\The 808 Vision 2026\phoenixguard\808 Memory\SELLS-20260224T225719Z-1-001\SELLS\Screenshot 2024-11-06 074627.png,train,SELL,HOLD,,,review_required,projection_conflict,0.8224,next_box_opposes_trade_label|directional_label_resolved_to_hold,wait,BUY,BUY,SELL,SELL,0.4199,0.0167,0.6097,none
C:\Users\thaba\OneDrive\Documents\The 808 Vision 2026\phoenixguard\data\clean_split\test\BUY\00086_000_f685346ec1b1.png,C:\Users\thaba\OneDrive\Documents\The 808 Vision 2026\phoenixguard\808 Memory\BUYS-20260224T225615Z-1-001\BUYS\Screenshot_20230125_111601.png,test,BUY,HOLD,,,review_required,projection_conflict,0.8216,next_box_opposes_trade_label|directional_label_resolved_to_hold,wait,SELL,SELL,BUY,BUY,0.4181,0.0264,0.6024,none
C:\Users\thaba\OneDrive\Documents\The 808 Vision 2026\phoenixguard\data\clean_split\val\SELL\00249_000_d0de5352f9fd.png,C:\Users\thaba\OneDrive\Documents\The 808 Vision 2026\phoenixguard\808 Memory\SELLS-20260224T225719Z-1-001\SELLS\Screenshot_20221216_210649.png,val,SELL,HOLD,,,review_required,projection_conflict,0.8206,next_box_opposes_trade_label|directional_label_resolved_to_hold,wait,BUY,BUY,SELL,SELL,0.4172,0.0128,0.6075,none
C:\Users\thaba\OneDrive\Documents\The 808 Vision 2026\phoenixguard\data\clean_split\val\SELL\00140_000_680e4d86f579.png,C:\Users\thaba\OneDrive\Documents\The 808 Vision 2026\phoenixguard\808 Memory\SELLS-20260224T225719Z-1-001\SELLS\Screenshot 2023-04-12 185950.png,val,SELL,HOLD,,,review_required,projection_conflict,0.8179,next_box_opposes_trade_label|directional_label_resolved_to_hold,wait,BUY,BUY,SELL,SELL,0.4131,0.0107,0.6024,none
C:\Users\thaba\OneDrive\Documents\The 808 Vision 2026\phoenixguard\data\clean_split\train\BUY\00116_000_f91d4652d515.jpeg,C:\Users\thaba\OneDrive\Documents\The 808 Vision 2026\phoenixguard\808 Memory\BUYS-20260224T225615Z-1-001\BUYS\WhatsApp Image 2026-03-09 at 5.02.26 AM.jpeg,train,BUY,HOLD,,,review_required,projection_conflict,0.7930,directional_label_resolved_to_hold,wait,SELL,SELL,BUY,BUY,0.3737,0.0000,0.5496,none
